aX,aY,aZ,gX,gY,gZ
1.028,0.177,-0.341,184.570,-17.517,-48.096
1.011,0.111,-0.351,207.214,-24.109,-46.936
0.969,-0.024,-0.362,214.600,-25.635,-44.556
0.960,-0.060,-0.371,221.741,-24.658,-38.696
0.993,-0.097,-0.376,223.450,-23.743,-35.828
0.995,-0.117,-0.371,225.037,-25.574,-29.175
0.956,-0.186,-0.346,223.633,-25.818,-25.452
0.940,-0.223,-0.331,214.294,-21.606,-19.348
0.929,-0.268,-0.314,206.543,-18.738,-16.602
0.931,-0.251,-0.313,188.049,-13.611,-11.780
0.968,-0.154,-0.315,179.810,-11.108,-10.986
1.014,-0.144,-0.312,168.579,-8.728,-12.390
1.018,-0.283,-0.283,162.598,-7.996,-13.062
0.988,-0.363,-0.264,139.709,-5.249,-7.935
0.964,-0.425,-0.238,123.169,-3.235,-3.357
0.964,-0.417,-0.232,105.103,0.427,0.061
0.976,-0.394,-0.231,68.176,8.972,0.061
1.012,-0.299,-0.237,51.025,10.193,-2.136
1.021,-0.235,-0.240,24.536,6.836,-5.493
1.021,-0.128,-0.241,16.418,4.822,-7.385
1.017,-0.098,-0.240,8.240,4.028,-10.986
1.022,-0.069,-0.239,6.592,4.456,-11.353
1.030,-0.065,-0.238,5.493,3.723,-9.460
1.023,-0.072,-0.234,5.005,2.991,-8.301
1.025,-0.070,-0.228,3.418,1.831,-6.104
1.035,-0.067,-0.216,3.113,0.854,-5.310
1.026,-0.080,-0.211,2.625,-0.549,-3.357
1.006,-0.113,-0.205,1.160,-0.183,-1.587
0.996,-0.097,-0.208,-4.150,1.099,1.587
1.008,-0.025,-0.213,-5.981,1.404,1.526
1.015,-0.013,-0.209,-6.287,1.038,0.122
0.999,-0.068,-0.199,-5.188,0.122,-2.869
0.995,-0.086,-0.197,-6.042,0.732,-2.930
1.003,-0.073,-0.200,-9.460,2.075,-0.793
1.029,-0.017,-0.209,-10.010,1.831,-0.488
1.030,-0.016,-0.207,-7.996,-0.671,-1.648
1.000,-0.050,-0.199,-6.958,-1.343,-1.587
0.996,-0.047,-0.198,-6.958,-0.061,0.427
1.019,-0.005,-0.202,-6.714,0.488,1.099
1.025,-0.005,-0.202,-4.211,-0.061,0.366
1.014,-0.042,-0.198,-3.296,-0.244,0.183
1.012,-0.048,-0.196,-3.845,0.671,1.343
1.021,-0.022,-0.197,-4.150,0.977,1.465
1.020,-0.018,-0.198,-2.869,0.610,0.671
1.013,-0.043,-0.200,-2.136,0.549,0.610
1.009,-0.050,-0.200,-2.563,0.793,1.160
1.021,-0.038,-0.201,-2.991,0.793,0.916
1.026,-0.034,-0.202,-2.991,-0.427,-0.488
1.020,-0.050,-0.199,-2.747,-1.038,-0.854
1.013,-0.061,-0.197,-3.174,-1.343,0.061
1.004,-0.047,-0.196,-3.723,-1.160,1.038
1.013,-0.030,-0.196,-3.601,-0.610,1.587
1.027,-0.037,-0.192,-2.808,-0.732,0.916
1.019,-0.055,-0.190,-2.380,-1.160,0.549
1.004,-0.061,-0.191,-3.296,-1.221,1.831
1.010,-0.047,-0.193,-4.028,-0.916,2.563
1.016,-0.034,-0.195,-4.150,-0.977,1.892
1.020,-0.040,-0.195,-3.784,-1.221,1.343
1.021,-0.049,-0.192,-3.906,-1.648,1.160
1.011,-0.057,-0.186,-4.456,-1.709,1.648
1.005,-0.051,-0.186,-5.432,-1.221,2.747
1.006,-0.028,-0.189,-5.493,-0.671,3.052
1.010,-0.018,-0.191,-4.456,0.061,2.747
1.018,-0.023,-0.191,-3.662,0.183,2.136
1.018,-0.033,-0.191,-2.991,0.244,1.465
1.016,-0.041,-0.191,-3.174,0.305,1.770
1.017,-0.033,-0.193,-3.418,0.183,2.380
1.026,-0.007,-0.195,-2.930,-0.122,2.197
1.025,-0.008,-0.194,-1.099,-0.732,0.916
1.012,-0.041,-0.188,-0.732,-0.793,0.610
1.007,-0.047,-0.188,-1.709,-0.183,0.916
1.014,-0.028,-0.191,-2.380,0.183,1.038
1.018,-0.019,-0.191,-2.625,0.366,0.854
1.017,-0.026,-0.191,-1.953,0.488,0.000
1.019,-0.032,-0.190,-1.770,0.610,-0.183
1.019,-0.032,-0.190,-2.014,0.305,0.061
1.019,-0.023,-0.192,-1.953,0.061,0.122
1.016,-0.025,-0.193,-0.977,-0.061,0.061
1.010,-0.033,-0.193,-0.732,0.122,0.183
1.015,-0.032,-0.195,-1.099,0.366,0.061
1.020,-0.027,-0.193,-1.099,0.122,-0.305
1.015,-0.030,-0.192,-0.610,-0.305,-0.671
1.011,-0.043,-0.192,-0.610,0.061,-0.427
1.016,-0.041,-0.193,-1.221,0.549,0.305
1.024,-0.023,-0.194,-1.343,0.305,0.305
1.022,-0.023,-0.192,-0.671,-0.488,-0.427
1.010,-0.040,-0.186,-0.427,-0.488,-0.549
1.005,-0.044,-0.185,-0.854,0.366,0.244
1.008,-0.034,-0.188,-1.221,0.793,0.549
1.015,-0.027,-0.191,-1.343,1.038,0.427
1.018,-0.024,-0.193,-0.732,0.793,-0.366
1.017,-0.038,-0.193,-0.549,0.793,-0.488
1.017,-0.045,-0.193,-0.977,0.977,-0.061
1.020,-0.034,-0.195,-1.221,0.854,0.061
1.022,-0.028,-0.197,-1.038,0.305,-0.244
1.022,-0.034,-0.196,-0.671,0.061,-0.244
1.019,-0.042,-0.193,-0.610,-0.305,0.061
1.015,-0.051,-0.194,-1.099,-0.305,0.122
1.020,-0.047,-0.195,-2.380,-0.671,0.488
1.019,-0.033,-0.193,-2.625,-1.099,0.671
1.015,-0.030,-0.191,-2.441,-1.160,0.854
1.006,-0.033,-0.188,-2.319,-0.916,0.916
1.002,-0.035,-0.186,-2.625,-0.122,1.038
1.005,-0.023,-0.188,-2.808,0.366,0.793
1.013,-0.015,-0.193,-2.441,0.793,0.000
1.019,-0.014,-0.193,-1.831,0.671,-0.305
1.017,-0.026,-0.191,-1.221,0.610,-0.549
1.012,-0.047,-0.190,-1.038,0.793,-0.366
1.014,-0.046,-0.194,-1.587,0.977,0.122
1.026,-0.031,-0.200,-2.502,0.793,0.977
1.024,-0.029,-0.200,-2.502,0.305,0.977
1.019,-0.033,-0.198,-2.319,-0.122,0.610
1.013,-0.038,-0.196,-2.563,-0.122,0.732
1.011,-0.031,-0.194,-3.113,-0.305,0.854
1.015,-0.021,-0.192,-2.991,-0.427,0.366
1.013,-0.029,-0.192,-2.258,-0.305,-0.366
1.012,-0.045,-0.191,-2.380,0.000,0.000
1.019,-0.041,-0.191,-2.991,0.000,0.793
1.023,-0.020,-0.192,-2.991,-0.427,0.793

1.024,0.294,-0.308,103.638,-15.686,-29.785
1.035,0.339,-0.321,138.672,-19.775,-35.583
1.035,0.308,-0.355,157.349,-22.522,-39.246
1.023,0.232,-0.370,190.735,-28.076,-40.527
0.980,0.078,-0.386,202.942,-29.541,-38.452
0.965,0.029,-0.393,217.957,-29.663,-34.912
0.953,0.009,-0.406,222.290,-29.297,-34.729
0.947,0.000,-0.407,228.088,-27.710,-36.560
0.946,-0.093,-0.392,229.187,-26.550,-37.109
0.936,-0.144,-0.382,228.149,-25.757,-35.767
0.916,-0.132,-0.364,219.238,-23.071,-30.029
0.939,-0.097,-0.354,213.684,-20.874,-29.236
0.963,-0.104,-0.345,205.627,-18.372,-31.860
0.946,-0.202,-0.326,200.256,-16.907,-31.555
0.928,-0.210,-0.315,183.105,-12.146,-27.649
0.948,-0.139,-0.294,174.377,-9.827,-27.588
0.956,-0.129,-0.289,161.133,-3.906,-33.203
0.966,-0.197,-0.283,154.480,-0.793,-34.302
0.963,-0.240,-0.281,136.963,2.380,-27.527
0.965,-0.294,-0.279,126.099,4.150,-23.926
0.975,-0.316,-0.278,101.990,9.216,-19.287
0.971,-0.357,-0.275,88.745,11.780,-16.846
0.965,-0.357,-0.274,60.608,16.357,-10.986
0.986,-0.293,-0.276,47.180,17.761,-8.972
1.004,-0.251,-0.284,25.879,14.893,-8.240
0.997,-0.178,-0.296,18.066,13.611,-8.240
1.005,-0.146,-0.296,11.902,13.977,-8.362
1.026,-0.089,-0.292,4.272,13.550,-9.277
1.030,-0.070,-0.288,2.441,12.085,-8.789
1.023,-0.064,-0.280,1.770,8.667,-6.592
0.983,-0.086,-0.267,2.136,7.874,-5.493
0.971,-0.095,-0.268,1.526,9.338,-1.953
0.990,-0.060,-0.285,0.793,10.193,-0.061
1.004,-0.043,-0.292,0.977,9.644,1.282
1.005,-0.059,-0.297,1.404,8.606,0.977
0.999,-0.070,-0.297,0.488,7.080,1.343
0.994,-0.049,-0.303,-0.488,6.714,1.831
1.008,-0.035,-0.307,-1.099,6.348,1.892
1.016,-0.044,-0.306,-0.732,4.639,1.038
1.009,-0.049,-0.303,-0.610,3.601,1.099
1.005,-0.042,-0.302,-1.038,2.625,2.014
1.018,-0.025,-0.304,-1.038,2.197,1.831
1.019,-0.032,-0.303,-0.610,0.488,1.160
0.990,-0.058,-0.300,-0.977,0.183,1.526
0.984,-0.050,-0.303,-2.991,1.038,2.930
1.002,0.009,-0.305,-3.418,1.038,2.747
1.012,0.018,-0.301,-1.221,-0.488,0.061
0.997,-0.030,-0.291,-0.061,-1.343,-1.099
0.986,-0.055,-0.286,-0.610,-1.282,-0.427
0.991,-0.052,-0.284,-1.892,-0.977,0.122
0.996,-0.041,-0.284,-3.357,-1.221,-0.244
0.992,-0.048,-0.281,-3.296,-1.587,-0.366
0.986,-0.057,-0.277,-3.418,-1.770,0.000
0.983,-0.040,-0.274,-4.639,-1.160,1.221
0.992,-0.023,-0.275,-5.005,-0.854,1.465
1.000,-0.014,-0.277,-4.089,-1.160,0.732
0.997,-0.031,-0.274,-3.418,-1.404,0.305
0.993,-0.043,-0.272,-3.113,-1.465,1.038
0.994,-0.027,-0.270,-3.418,-1.404,1.465
0.999,-0.010,-0.269,-2.930,-1.343,0.977
0.999,-0.014,-0.266,-1.953,-1.404,0.183
0.993,-0.031,-0.265,-1.038,-1.038,-0.488
0.995,-0.042,-0.268,-1.404,-0.671,-0.244
1.004,-0.032,-0.270,-2.014,-0.488,-0.183
1.009,-0.027,-0.269,-1.648,-0.854,-0.488
1.004,-0.039,-0.266,-1.404,-1.221,-0.671
0.996,-0.060,-0.263,-2.136,-1.160,-0.366
1.000,-0.050,-0.265,-3.784,-1.587,0.671
1.002,-0.024,-0.266,-3.906,-2.075,0.610
0.994,-0.029,-0.262,-3.296,-2.258,-0.549
0.981,-0.048,-0.258,-3.540,-1.770,-0.671
0.983,-0.039,-0.259,-4.395,-0.671,-0.183
1.004,-0.017,-0.260,-4.028,-0.732,-0.427
1.004,-0.023,-0.260,-3.113,-1.099,-0.732
0.980,-0.054,-0.257,-1.770,-1.160,-0.244
0.973,-0.057,-0.257,-2.136,-0.366,0.671
0.979,-0.049,-0.259,-3.845,1.404,1.404
0.998,-0.044,-0.265,-4.578,1.648,0.854
0.998,-0.054,-0.264,-5.981,1.404,0.244
0.983,-0.054,-0.265,-6.897,1.526,0.854
0.987,-0.031,-0.268,-7.812,2.380,1.770
1.008,-0.005,-0.275,-7.019,2.319,1.221
1.011,-0.017,-0.276,-4.700,1.221,0.000
0.994,-0.046,-0.273,-4.211,0.916,0.183
0.992,-0.038,-0.275,-4.272,0.854,1.343
1.013,-0.011,-0.279,-3.967,0.488,1.099
1.011,-0.016,-0.277,-2.319,-1.160,-0.305
0.988,-0.045,-0.271,-1.831,-1.282,-0.244
0.984,-0.048,-0.271,-1.831,-0.854,0.366
0.999,-0.036,-0.270,-2.136,-0.244,1.526
0.999,-0.038,-0.269,-2.014,-0.610,1.648
0.993,-0.048,-0.267,-2.319,-0.793,1.831
0.987,-0.047,-0.265,-2.869,-0.488,2.136
0.993,-0.032,-0.267,-3.662,0.061,1.892
1.011,-0.015,-0.270,-3.296,-0.061,1.221
1.010,-0.026,-0.269,-2.258,-0.916,0.488
0.990,-0.041,-0.264,-2.380,-0.916,0.793
0.985,-0.032,-0.264,-3.113,-0.061,1.282
0.991,-0.008,-0.266,-2.930,0.305,0.916
0.995,-0.012,-0.268,-1.831,0.549,-0.488
0.999,-0.043,-0.268,-1.587,0.427,-0.610
0.995,-0.048,-0.267,-2.319,0.488,0.305
1.001,-0.023,-0.272,-2.625,0.671,0.610
1.012,-0.014,-0.274,-2.380,0.549,0.488
1.002,-0.031,-0.271,-1.160,-0.671,-0.549
0.993,-0.046,-0.268,-0.977,-0.977,-0.671
0.986,-0.046,-0.265,-2.075,-0.305,0.183
0.991,-0.035,-0.265,-2.686,0.061,0.549
0.994,-0.027,-0.266,-2.380,-0.061,0.000
0.987,-0.040,-0.265,-2.014,0.061,-0.305
0.988,-0.047,-0.264,-2.136,0.732,0.244
1.001,-0.037,-0.266,-2.441,0.916,0.671
1.003,-0.030,-0.268,-2.319,0.427,0.671
0.993,-0.034,-0.270,-1.953,0.244,0.610
0.991,-0.041,-0.270,-1.831,0.610,0.610
0.995,-0.039,-0.271,-2.136,0.854,0.793
1.002,-0.031,-0.273,-2.258,0.671,1.099
1.005,-0.022,-0.275,-1.770,0.183,1.160
1.000,-0.028,-0.274,-1.160,-0.122,1.221

1.024,0.250,-0.360,118.713,-9.583,-32.410
1.028,0.247,-0.374,147.522,-15.686,-38.635
0.999,0.141,-0.390,161.682,-18.799,-37.659
0.967,0.090,-0.394,182.556,-20.691,-31.006
0.959,0.122,-0.414,189.819,-19.470,-29.785
0.991,0.189,-0.437,206.909,-19.897,-36.316
1.018,0.230,-0.479,219.238,-23.376,-40.344
0.999,0.140,-0.480,242.432,-30.823,-40.527
0.917,-0.095,-0.457,247.314,-31.860,-36.682
0.892,-0.121,-0.450,242.493,-26.978,-27.649
0.979,-0.028,-0.457,238.525,-23.865,-25.757
1.023,-0.012,-0.460,236.999,-23.865,-25.940
0.960,-0.136,-0.428,235.596,-27.039,-25.757
0.926,-0.196,-0.404,230.408,-25.330,-23.743
0.915,-0.219,-0.383,209.106,-17.273,-20.264
0.932,-0.235,-0.343,195.862,-11.108,-22.156
0.939,-0.253,-0.325,166.992,-4.761,-24.170
0.933,-0.318,-0.291,150.879,-2.075,-23.376
0.939,-0.352,-0.280,114.441,5.310,-21.057
0.959,-0.392,-0.274,94.604,8.728,-19.653
0.960,-0.389,-0.274,54.260,14.282,-18.005
0.983,-0.346,-0.274,35.706,14.587,-18.738
0.972,-0.305,-0.277,5.249,13.306,-18.127
0.957,-0.141,-0.293,-6.042,15.686,-15.503
1.002,-0.026,-0.305,-16.357,19.104,-14.038
1.101,0.098,-0.315,-14.648,17.151,-16.479
1.086,0.073,-0.309,-3.906,7.263,-18.494
0.986,-0.029,-0.285,0.793,4.456,-15.320
0.975,-0.046,-0.289,3.662,6.409,-6.836
1.029,0.002,-0.308,3.845,6.775,-5.066
1.041,0.002,-0.302,4.822,5.249,-5.432
1.022,-0.038,-0.291,6.104,1.465,-6.714
0.969,-0.107,-0.276,4.089,1.648,-5.188
0.975,-0.082,-0.279,-2.319,3.540,-1.587
1.016,-0.006,-0.286,-3.906,3.113,-2.258
1.012,-0.011,-0.280,-3.662,0.366,-5.127
0.983,-0.052,-0.264,-4.089,-0.061,-4.822
0.983,-0.037,-0.262,-6.287,0.671,-1.587
0.992,0.016,-0.261,-6.104,0.732,-0.977
0.990,0.018,-0.260,-3.174,0.977,-2.075
0.996,-0.002,-0.270,-2.014,1.343,-2.075
1.006,0.008,-0.274,-0.732,0.977,-1.221
1.019,0.018,-0.275,0.427,0.244,-1.526
1.009,-0.010,-0.271,2.380,-0.793,-1.953
0.986,-0.068,-0.266,1.831,-0.488,-0.854
0.985,-0.065,-0.268,0.244,0.061,0.732
0.994,-0.024,-0.267,-2.991,0.427,2.014
0.992,-0.020,-0.264,-3.601,0.366,1.282
0.989,-0.028,-0.263,-4.028,0.732,0.305
0.992,-0.017,-0.266,-4.395,0.916,0.671
1.001,0.002,-0.266,-4.089,0.732,0.366
1.006,0.005,-0.260,-3.113,0.427,-0.366
1.000,-0.017,-0.257,-1.709,0.366,-0.671
0.991,-0.048,-0.259,-2.197,0.732,0.366
0.997,-0.039,-0.264,-4.456,1.221,2.136
1.011,-0.002,-0.269,-4.944,0.916,2.014
1.009,0.001,-0.267,-3.967,-0.061,0.916
1.000,-0.030,-0.261,-3.601,-0.305,0.793
0.997,-0.036,-0.260,-4.333,-0.488,1.709
1.004,-0.004,-0.263,-4.639,-0.610,2.014
1.010,0.013,-0.261,-4.272,-0.916,1.770
1.010,0.013,-0.258,-2.197,-1.770,0.610
0.993,-0.020,-0.252,-1.709,-1.831,0.427
0.985,-0.029,-0.250,-2.808,-0.854,1.282
0.983,-0.008,-0.253,-3.479,-0.244,1.709
0.984,0.008,-0.254,-2.930,0.732,1.648
0.992,0.013,-0.259,-2.136,1.282,1.221
0.999,0.001,-0.261,-1.282,1.831,0.305
1.000,-0.018,-0.261,-1.587,1.709,0.000
0.999,-0.020,-0.262,-2.441,1.221,0.183
0.998,-0.017,-0.265,-2.686,1.099,0.549
0.998,-0.007,-0.267,-2.930,1.099,0.854
0.999,0.017,-0.268,-2.502,1.099,0.549
1.004,0.013,-0.268,-1.831,1.160,-0.122
1.000,-0.020,-0.267,-0.854,0.916,-0.793
0.994,-0.024,-0.267,-1.038,0.854,-0.488
0.990,-0.015,-0.270,-1.770,1.343,0.183
1.002,0.005,-0.272,-1.648,1.465,0.061
1.012,-0.003,-0.272,-0.732,0.854,-0.244
1.005,-0.030,-0.270,-0.854,0.366,-0.244
0.997,-0.032,-0.268,-2.319,0.061,0.244
0.993,-0.009,-0.267,-2.808,0.122,0.305
0.995,0.003,-0.268,-2.319,0.183,-0.366
0.998,-0.005,-0.267,-1.770,0.244,-0.671
0.996,-0.020,-0.266,-1.404,0.610,-0.854
0.992,-0.031,-0.263,-1.892,0.793,-0.549
0.995,-0.023,-0.264,-2.686,0.793,0.122
1.001,-0.007,-0.266,-2.380,0.610,0.244
1.000,-0.012,-0.264,-1.404,0.305,0.427
0.988,-0.029,-0.261,-1.343,0.488,0.610
0.985,-0.028,-0.262,-1.587,0.732,1.038
0.990,-0.000,-0.264,-1.953,1.038,1.770
0.992,0.009,-0.265,-1.465,0.977,1.648
0.993,0.006,-0.265,0.305,1.282,0.916
0.996,-0.014,-0.266,0.671,1.587,1.099
0.998,-0.014,-0.269,0.305,1.831,1.648
1.007,-0.009,-0.273,0.183,1.526,1.465
1.009,-0.013,-0.274,0.000,0.488,0.732
1.002,-0.024,-0.275,-0.427,0.244,0.793
0.998,-0.021,-0.275,-1.526,0.305,1.526
0.996,-0.004,-0.274,-1.953,0.366,1.587
0.997,-0.002,-0.273,-1.953,0.305,0.977
0.999,-0.012,-0.271,-2.014,0.183,0.671
0.997,-0.012,-0.270,-2.197,-0.061,0.610
0.992,-0.007,-0.269,-2.747,-0.183,0.916
0.994,0.002,-0.268,-2.625,0.122,0.793
0.997,-0.003,-0.268,-2.197,0.488,0.427
0.992,-0.008,-0.267,-2.319,0.549,0.366
0.990,-0.004,-0.267,-2.563,0.732,0.244
0.989,0.010,-0.266,-2.319,0.977,0.122
0.991,0.011,-0.265,-0.977,1.526,-0.244
0.996,-0.004,-0.268,-0.427,1.648,-0.366
0.998,-0.010,-0.270,-0.122,1.709,-0.183
1.000,-0.010,-0.276,-0.122,1.648,-0.061
1.000,-0.010,-0.277,0.000,0.854,0.305
1.004,-0.015,-0.276,-0.122,0.488,0.427
1.005,-0.019,-0.276,-0.916,-0.183,0.671
0.999,-0.020,-0.274,-1.465,-0.488,0.671
0.993,-0.017,-0.273,-2.014,-0.549,0.427

1.010,0.191,-0.386,154.358,-14.099,-29.114
0.985,0.118,-0.389,178.833,-16.724,-28.809
0.957,-0.004,-0.401,185.974,-16.296,-26.917
0.956,-0.006,-0.417,194.397,-15.686,-23.010
0.996,0.077,-0.448,198.669,-15.991,-23.621
1.010,0.094,-0.460,211.304,-20.264,-26.489
0.979,-0.007,-0.463,216.919,-22.644,-26.306
0.953,-0.054,-0.456,219.299,-23.132,-23.437
0.966,-0.050,-0.447,217.529,-22.339,-21.057
0.979,-0.047,-0.445,213.684,-22.217,-18.921
0.981,-0.098,-0.421,211.121,-22.461,-18.860
0.970,-0.121,-0.408,201.721,-22.278,-17.029
0.958,-0.094,-0.378,194.702,-20.630,-16.907
0.976,-0.064,-0.365,181.091,-18.005,-21.179
0.964,-0.122,-0.337,174.744,-16.296,-24.292
0.941,-0.171,-0.321,166.992,-14.343,-25.818
0.921,-0.211,-0.287,145.569,-9.399,-21.667
0.933,-0.217,-0.273,133.362,-5.798,-19.043
0.935,-0.232,-0.266,108.826,1.404,-14.648
0.944,-0.276,-0.270,95.520,5.920,-11.780
0.976,-0.272,-0.280,65.918,14.038,-6.653
1.034,-0.215,-0.293,51.147,14.954,-6.470
1.031,-0.193,-0.292,26.062,11.353,-10.864
0.984,-0.157,-0.288,15.442,9.644,-12.756
0.977,-0.117,-0.289,-1.709,9.827,-13.000
1.018,-0.021,-0.298,-6.958,10.437,-12.817
1.030,0.002,-0.300,-10.742,8.301,-13.000
1.009,0.008,-0.292,-10.742,6.409,-11.963
1.000,0.024,-0.289,-9.216,4.578,-8.423
1.021,0.069,-0.285,-7.080,4.456,-7.019
1.027,0.063,-0.281,-4.028,4.150,-6.226
0.999,0.003,-0.270,1.465,2.686,-4.700
0.985,-0.018,-0.267,2.197,2.747,-3.174
0.983,-0.013,-0.270,0.244,3.601,-0.244
0.996,0.031,-0.273,-0.427,3.479,-0.183
0.993,0.030,-0.270,0.000,2.136,-2.441
0.984,-0.004,-0.262,0.000,2.075,-3.052
0.991,-0.009,-0.263,-2.014,2.869,-2.319
1.006,0.012,-0.270,-3.113,2.808,-1.831
1.010,0.019,-0.272,-3.784,1.404,-2.075
1.000,0.010,-0.268,-3.845,0.610,-2.197
0.995,0.008,-0.265,-4.272,0.610,-1.038
0.994,0.024,-0.263,-4.395,0.916,-0.122
0.993,0.034,-0.264,-4.089,1.587,0.427
0.997,0.039,-0.265,-3.662,1.953,-0.061
0.998,0.028,-0.266,-3.052,2.136,-0.793
0.996,0.006,-0.269,-2.686,2.380,-1.099
1.004,0.006,-0.271,-3.052,2.747,-0.671
1.013,0.010,-0.273,-3.479,2.258,-0.244
1.014,0.008,-0.273,-3.418,1.343,-0.244
1.004,0.001,-0.271,-3.662,-0.122,-0.305
0.990,-0.002,-0.265,-4.211,-0.305,-0.122
0.991,0.004,-0.263,-4.944,-0.244,0.366
0.991,0.012,-0.262,-5.127,-0.244,0.427
0.992,0.011,-0.260,-5.310,-0.427,0.366
0.995,0.010,-0.257,-5.432,-0.488,0.427
0.995,0.016,-0.255,-5.676,0.000,1.221
1.004,0.029,-0.258,-5.432,0.305,1.282
1.006,0.031,-0.261,-4.517,0.305,0.488
0.997,0.028,-0.258,-4.089,0.122,0.244
0.994,0.026,-0.257,-3.784,0.122,0.305
0.999,0.023,-0.264,-3.418,0.854,0.732
1.002,0.024,-0.269,-3.357,0.977,0.793
1.000,0.025,-0.271,-3.052,0.305,0.366
0.989,0.022,-0.269,-2.869,0.122,-0.061
0.992,0.019,-0.269,-2.625,0.305,-0.549
0.998,0.019,-0.269,-2.625,0.244,-0.610
1.001,0.021,-0.269,-2.502,-0.305,-0.305
0.997,0.013,-0.266,-2.197,-0.610,-0.183
0.988,0.006,-0.262,-2.258,-0.244,0.610
0.981,0.013,-0.265,-2.747,0.427,1.160
0.988,0.027,-0.267,-3.174,1.404,0.916
1.001,0.031,-0.269,-2.686,1.221,0.061
1.001,0.013,-0.269,-1.892,0.732,-0.610
0.996,-0.013,-0.270,-2.441,0.854,0.061
0.999,-0.002,-0.269,-3.357,0.977,0.916
1.003,0.017,-0.268,-4.272,0.488,1.221
1.002,0.035,-0.266,-3.845,0.061,0.732
0.998,0.027,-0.264,-2.808,0.061,-0.061
0.991,0.007,-0.263,-2.930,0.366,-0.061
0.990,0.008,-0.264,-4.028,1.160,0.549
1.004,0.029,-0.272,-4.272,1.160,0.610
1.012,0.037,-0.275,-3.357,0.366,-0.061
1.013,0.030,-0.274,-2.441,-0.305,-0.488
1.003,0.020,-0.271,-1.038,-1.221,-0.549
0.993,0.010,-0.269,-0.732,-1.099,0.000
1.000,0.013,-0.271,-0.793,-0.977,0.549
1.002,0.017,-0.270,-0.793,-1.282,0.305
0.996,0.012,-0.266,-0.793,-1.709,-0.061
0.984,-0.005,-0.261,-1.221,-1.648,-0.244
0.982,-0.005,-0.259,-1.953,-1.160,0.183
0.987,0.013,-0.262,-3.235,-0.061,0.854
0.990,0.020,-0.263,-3.479,0.244,0.854
0.991,0.021,-0.264,-3.235,0.671,0.488
0.994,0.016,-0.264,-3.113,0.854,0.366
0.998,0.015,-0.265,-3.052,0.732,0.427
0.994,0.019,-0.266,-2.930,0.549,0.549
0.994,0.022,-0.266,-2.319,0.549,0.732
0.998,0.022,-0.270,-1.953,0.610,0.732
1.003,0.021,-0.272,-1.526,0.549,0.793
1.007,0.021,-0.269,-1.404,0.244,0.793
1.003,0.021,-0.267,-1.282,-0.183,0.732
0.998,0.020,-0.266,-0.916,-0.488,0.488
0.989,0.017,-0.264,-0.977,-0.244,0.366
0.990,0.013,-0.265,-1.587,0.488,0.061
0.999,0.007,-0.268,-2.075,0.549,0.061
0.996,0.011,-0.268,-2.808,0.122,0.305
0.994,0.025,-0.266,-2.686,0.061,0.366
0.996,0.027,-0.263,-1.770,0.122,0.122
0.995,0.021,-0.261,-1.404,0.244,0.000
0.998,0.015,-0.263,-1.282,0.427,0.000
0.995,0.007,-0.265,-1.404,0.366,0.244
0.993,0.009,-0.266,-1.526,0.366,0.549
0.993,0.015,-0.267,-1.770,0.732,1.038
1.000,0.027,-0.270,-1.770,0.793,1.099
1.001,0.027,-0.271,-1.343,0.671,0.793
0.995,0.022,-0.273,-1.282,0.549,0.549
0.994,0.020,-0.273,-1.343,0.610,0.000
0.994,0.010,-0.271,-1.465,0.610,-0.061

1.039,0.248,-0.388,143.738,-6.836,-26.367
1.037,0.286,-0.407,176.392,-15.259,-34.424
1.002,0.228,-0.437,194.397,-19.287,-35.278
0.984,0.161,-0.448,223.206,-22.766,-31.982
0.964,0.050,-0.470,232.544,-22.827,-30.640
0.955,0.026,-0.479,244.080,-23.560,-29.053
0.952,0.029,-0.484,247.925,-23.254,-29.175
0.958,-0.001,-0.484,251.099,-22.461,-29.907
0.935,-0.081,-0.474,253.418,-22.766,-29.053
0.927,-0.095,-0.463,251.465,-22.766,-26.428
0.930,-0.108,-0.454,243.408,-20.142,-23.560
0.939,-0.166,-0.437,237.976,-18.982,-22.888
0.956,-0.191,-0.426,222.656,-15.015,-20.935
0.964,-0.199,-0.401,212.402,-12.451,-21.057
0.975,-0.193,-0.383,189.880,-7.690,-23.743
0.970,-0.234,-0.349,178.345,-8.240,-23.865
0.952,-0.277,-0.337,151.550,-6.653,-24.231
0.942,-0.318,-0.308,135.681,-3.479,-22.644
0.950,-0.313,-0.293,102.600,3.845,-16.418
0.968,-0.298,-0.280,86.609,7.080,-14.526
0.967,-0.289,-0.284,56.396,11.658,-12.390
0.972,-0.234,-0.296,42.236,13.245,-11.902
0.999,-0.197,-0.299,18.372,14.404,-14.404
1.000,-0.140,-0.306,9.338,13.000,-15.808
0.985,-0.112,-0.310,2.075,12.085,-15.808
0.984,-0.069,-0.316,-7.141,12.390,-13.123
1.025,0.032,-0.327,-8.606,11.963,-12.390
1.050,0.042,-0.329,-5.310,7.935,-13.489
1.024,-0.037,-0.319,-3.052,5.310,-13.306
0.996,-0.073,-0.308,-3.662,3.662,-6.958
0.991,-0.025,-0.305,-5.310,4.333,-3.235
1.006,0.025,-0.303,-4.944,3.662,-1.221
0.996,0.021,-0.291,-2.808,2.563,-2.136
0.976,-0.020,-0.287,-0.977,2.258,-1.892
0.983,-0.023,-0.289,-2.197,2.991,-0.549
1.003,0.006,-0.289,-3.540,2.136,-0.549
0.998,0.004,-0.282,-2.747,0.671,-1.953
0.981,-0.030,-0.277,-2.075,-0.305,-2.625
0.973,-0.033,-0.276,-4.089,0.427,-0.244
0.990,0.001,-0.279,-5.676,1.221,0.916
1.006,0.029,-0.281,-5.676,1.038,-0.305
0.995,0.015,-0.277,-4.761,0.671,-1.404
0.986,-0.006,-0.275,-4.639,1.648,-0.854
0.995,0.006,-0.282,-5.188,2.380,0.061
1.011,0.024,-0.286,-4.456,2.075,0.305
1.014,0.012,-0.284,-3.235,1.282,-0.305
1.001,-0.011,-0.281,-2.441,0.610,-0.244
0.989,-0.015,-0.277,-3.174,0.671,0.488
0.995,0.005,-0.278,-3.784,0.244,0.488
1.006,0.009,-0.276,-2.991,-0.305,-0.427
0.999,-0.012,-0.272,-2.197,-0.854,-1.099
0.985,-0.028,-0.270,-2.747,-0.732,-0.305
0.981,-0.005,-0.270,-3.601,-0.122,0.549
0.995,0.013,-0.269,-3.540,0.366,0.610
0.998,0.007,-0.266,-2.625,0.061,0.244
0.989,-0.009,-0.266,-1.709,0.000,0.793
0.981,-0.010,-0.265,-2.075,0.427,1.587
0.986,0.004,-0.266,-2.563,1.282,2.197
1.000,0.022,-0.269,-2.136,1.404,1.831
1.000,0.017,-0.268,-0.793,1.099,0.916
0.988,-0.005,-0.268,-0.549,1.038,0.916
0.981,-0.008,-0.268,-1.221,1.709,1.648
0.982,0.021,-0.273,-1.648,2.258,1.648
0.993,0.035,-0.279,-1.587,2.808,1.160
1.006,0.034,-0.283,-0.061,2.747,-0.732
1.006,0.001,-0.282,0.305,2.319,-1.221
0.997,-0.011,-0.282,-0.916,2.014,-1.038
0.989,0.002,-0.287,-1.709,2.197,-0.671
0.993,0.018,-0.291,-2.075,2.136,-0.671
1.005,0.021,-0.292,-1.282,1.709,-1.282
1.000,0.003,-0.289,-0.122,1.038,-1.831
0.983,-0.031,-0.283,-0.671,1.282,-1.099
0.979,-0.025,-0.284,-2.808,1.892,0.610
0.999,0.018,-0.289,-3.296,1.770,0.671
1.005,0.023,-0.290,-2.991,1.160,-0.122
0.988,-0.013,-0.283,-1.465,0.122,-1.465
0.981,-0.027,-0.281,-1.709,0.366,-0.916
0.981,-0.020,-0.282,-3.479,1.526,0.793
0.997,0.028,-0.288,-3.784,1.587,0.916
1.001,0.036,-0.289,-1.648,0.854,-0.427
0.993,-0.002,-0.285,-0.366,0.671,-0.732
0.985,-0.026,-0.283,-0.488,1.282,0.366
0.982,-0.021,-0.287,-1.709,1.709,1.038
0.991,0.004,-0.291,-3.296,1.770,0.916
1.006,0.025,-0.292,-2.869,1.221,0.000
1.002,0.007,-0.288,-1.709,0.305,-1.160
0.984,-0.030,-0.283,-2.014,0.366,-0.732
0.981,-0.023,-0.283,-2.930,0.671,0.061
0.996,0.022,-0.288,-3.967,0.977,0.854
0.999,0.030,-0.287,-3.235,0.610,0.366
0.994,0.020,-0.285,-0.916,-0.122,-1.038
0.979,-0.024,-0.281,-0.549,0.000,-1.099
0.975,-0.032,-0.281,-1.892,0.977,0.366
0.991,-0.000,-0.284,-2.441,1.221,1.160
0.997,0.013,-0.284,-1.648,0.610,1.160
0.988,0.000,-0.281,-0.916,0.488,1.038
0.981,-0.010,-0.281,-0.610,1.221,2.075
0.980,-0.001,-0.286,-0.977,1.709,2.625
0.988,0.012,-0.289,-1.038,2.136,2.380
1.003,0.016,-0.294,-0.732,1.892,1.709
0.999,0.007,-0.294,-0.427,1.526,1.099
0.992,-0.001,-0.295,-0.793,1.282,0.916
0.993,-0.001,-0.298,-1.343,1.343,1.099
0.999,0.009,-0.299,-1.953,0.793,1.038
1.009,0.020,-0.300,-1.770,0.183,0.610
1.006,0.014,-0.298,-1.099,-0.854,-0.244
0.985,-0.005,-0.291,-1.221,-0.977,-0.183
0.979,-0.006,-0.289,-2.197,-0.488,0.366
0.986,0.002,-0.290,-2.563,-0.305,0.366
0.990,0.001,-0.292,-2.869,-0.061,0.305
0.991,0.001,-0.292,-3.174,0.061,0.366
0.991,0.001,-0.292,-3.906,0.000,0.244
0.981,-0.006,-0.290,-4.211,-0.122,0.122
0.980,-0.007,-0.289,-4.517,0.000,0.122
0.984,-0.001,-0.290,-5.127,0.305,0.366
0.996,0.018,-0.294,-5.005,0.183,0.366
0.998,0.018,-0.293,-3.784,-0.366,0.000
0.991,-0.001,-0.289,-3.357,-0.488,0.061
0.986,-0.002,-0.288,-3.296,-0.427,0.671

1.024,0.217,-0.323,74.707,-7.996,-24.414
1.007,0.172,-0.325,100.586,-12.146,-27.710
0.961,0.035,-0.322,110.229,-12.634,-25.879
0.949,0.003,-0.324,121.155,-10.864,-22.583
0.968,0.064,-0.347,125.244,-9.949,-22.949
0.988,0.136,-0.364,139.587,-10.620,-27.649
1.032,0.213,-0.400,150.940,-12.817,-31.250
1.022,0.171,-0.409,174.744,-19.165,-34.790
0.979,0.052,-0.407,183.350,-20.935,-33.264
0.974,0.039,-0.408,194.641,-22.095,-29.236
0.962,0.054,-0.424,200.073,-23.254,-28.381
0.948,0.047,-0.432,205.811,-24.231,-28.259
0.941,0.049,-0.440,215.515,-22.583,-28.137
0.992,0.112,-0.460,219.971,-21.912,-28.259
1.011,0.102,-0.465,230.896,-26.428,-29.724
0.976,-0.066,-0.444,233.948,-27.954,-29.297
0.947,-0.132,-0.430,229.248,-27.039,-21.667
0.949,-0.108,-0.414,223.145,-24.231,-17.822
0.989,-0.077,-0.403,212.463,-19.653,-18.921
0.983,-0.184,-0.361,207.153,-19.714,-19.714
0.935,-0.281,-0.339,185.669,-11.536,-15.930
0.909,-0.384,-0.292,168.274,-6.226,-11.475
0.918,-0.377,-0.272,127.197,0.793,-5.432
0.935,-0.332,-0.246,106.812,4.578,-6.348
0.936,-0.330,-0.242,68.848,12.573,-9.399
0.952,-0.324,-0.252,50.232,16.296,-9.460
0.967,-0.278,-0.261,15.442,19.714,-8.728
1.008,-0.126,-0.284,2.380,19.165,-9.949
1.019,-0.058,-0.294,-6.409,17.822,-12.390
1.010,0.018,-0.301,-12.573,14.465,-16.113
1.014,0.035,-0.301,-12.024,13.367,-15.503
1.027,0.038,-0.301,-8.118,11.719,-11.719
1.019,0.017,-0.300,-6.226,10.437,-10.010
1.018,0.013,-0.304,-4.211,8.728,-7.690
1.038,0.035,-0.313,-3.235,7.385,-6.775
1.032,0.039,-0.311,0.305,3.784,-5.371
1.014,-0.002,-0.293,1.648,3.113,-4.333
1.002,-0.024,-0.285,0.610,2.869,-1.648
0.985,-0.011,-0.272,-1.160,2.930,-0.732
0.982,0.006,-0.268,-2.930,2.930,-0.854
0.978,0.007,-0.267,-2.686,3.174,-1.160
0.979,-0.002,-0.269,-2.747,4.150,-0.427
0.995,0.015,-0.271,-3.418,4.211,0.122
1.003,0.033,-0.274,-3.418,3.052,-0.793
0.999,0.035,-0.273,-2.625,2.441,-1.770
1.000,0.024,-0.273,-1.892,2.258,-2.380
1.003,0.015,-0.274,-1.526,2.258,-1.526
1.007,0.014,-0.278,-1.709,2.075,-0.793
1.003,0.018,-0.280,-1.709,1.770,0.427
0.998,0.016,-0.280,-1.587,1.770,0.916
0.998,0.012,-0.280,-1.831,1.831,1.221
0.996,0.005,-0.277,-2.197,1.587,1.160
0.993,0.009,-0.276,-3.113,1.282,1.160
0.996,0.020,-0.277,-3.418,1.465,1.099
1.002,0.019,-0.276,-3.601,0.916,0.305
0.994,0.012,-0.272,-3.601,0.305,-0.061
0.993,0.012,-0.272,-3.662,0.000,0.244
0.997,0.013,-0.268,-3.723,0.061,0.427
0.995,0.012,-0.265,-3.845,0.000,0.671
0.992,0.014,-0.265,-4.517,0.427,1.221
0.992,0.030,-0.268,-4.761,0.793,1.221
0.995,0.038,-0.268,-4.028,1.038,0.488
0.999,0.029,-0.271,-3.235,0.977,0.122
1.000,0.018,-0.273,-2.563,1.099,0.244
1.002,0.015,-0.274,-2.991,1.160,0.488
1.003,0.026,-0.273,-3.662,0.549,0.366
0.998,0.038,-0.273,-3.357,0.000,-0.244
0.995,0.031,-0.272,-2.319,-0.244,-1.465
0.988,0.012,-0.271,-2.075,0.061,-1.526
0.985,0.010,-0.271,-2.136,0.427,-1.160
0.990,0.022,-0.274,-2.625,1.160,-0.244
0.994,0.028,-0.274,-2.563,1.099,-0.122
0.998,0.028,-0.273,-1.770,0.671,-0.916
0.993,0.005,-0.272,-1.587,0.488,-1.099
0.986,-0.003,-0.271,-2.441,0.977,0.305
0.985,0.017,-0.272,-3.113,1.404,1.099
0.993,0.033,-0.276,-3.052,1.831,1.099
1.002,0.032,-0.282,-2.380,1.648,0.488
0.998,0.020,-0.283,-1.526,1.282,0.122
0.989,0.006,-0.282,-1.831,1.343,0.305
0.989,0.013,-0.283,-2.930,1.343,0.427
1.000,0.033,-0.287,-3.052,1.160,0.000
1.004,0.031,-0.287,-2.441,0.549,-1.221
1.005,0.014,-0.285,-2.319,0.244,-1.526
1.007,0.006,-0.284,-2.502,-0.061,-1.465
0.999,0.008,-0.280,-3.479,-0.732,-0.854
0.995,0.015,-0.277,-3.784,-0.977,-0.549
0.992,0.021,-0.277,-3.540,-0.977,-0.488
0.990,0.019,-0.275,-3.113,-0.977,-0.732
0.991,0.013,-0.275,-2.563,-0.977,-1.221
0.986,0.001,-0.271,-2.441,-0.916,-1.038
0.986,-0.003,-0.268,-2.686,-0.488,0.122
0.984,-0.000,-0.269,-2.991,-0.305,0.671
0.984,0.012,-0.272,-3.296,0.366,1.343
0.996,0.033,-0.274,-2.808,0.488,1.160
0.999,0.027,-0.273,-1.221,0.244,0.183
0.991,-0.001,-0.272,-0.977,0.183,0.183
0.987,-0.006,-0.272,-1.892,0.793,1.343
0.993,0.010,-0.276,-2.502,1.160,1.831
0.996,0.018,-0.277,-2.808,1.282,1.953
0.993,0.020,-0.278,-2.625,0.793,1.648
0.995,0.016,-0.279,-2.441,0.732,1.526
0.995,0.015,-0.279,-2.563,0.549,1.282
0.994,0.013,-0.278,-2.686,0.549,1.282
0.994,0.012,-0.278,-3.113,0.549,1.404
0.996,0.023,-0.281,-3.418,0.488,1.343
1.000,0.031,-0.282,-3.113,0.000,0.366
0.998,0.026,-0.281,-2.502,-0.366,-0.061
0.991,0.017,-0.279,-1.831,-0.427,0.366
0.988,0.010,-0.276,-2.075,-0.061,0.916
0.988,0.014,-0.276,-2.747,0.366,1.282
0.990,0.022,-0.279,-2.869,0.427,0.977
0.993,0.023,-0.281,-2.625,0.488,0.366
0.993,0.019,-0.281,-2.502,0.366,0.366
0.992,0.019,-0.280,-2.441,0.244,0.549
0.995,0.020,-0.280,-2.563,0.244,0.732
0.997,0.025,-0.279,-2.563,0.183,0.488
0.996,0.026,-0.278,-2.136,-0.061,-0.305
0.998,0.022,-0.280,-1.831,-0.122,-0.488

1.032,0.331,-0.304,68.604,-7.385,-31.250
1.020,0.300,-0.313,104.065,-11.841,-38.940
0.975,0.106,-0.318,119.324,-13.611,-37.415
0.958,0.033,-0.320,137.329,-12.756,-31.982
0.957,0.063,-0.344,142.761,-11.719,-31.616
0.979,0.135,-0.366,159.241,-12.451,-35.767
1.013,0.172,-0.410,171.448,-14.526,-38.147
1.010,0.127,-0.424,194.824,-19.775,-37.354
0.994,0.023,-0.430,202.637,-21.667,-34.668
0.984,0.010,-0.431,211.731,-24.170,-30.396
0.977,0.028,-0.434,215.698,-25.269,-29.480
0.965,0.030,-0.435,220.154,-26.550,-28.748
0.955,0.022,-0.433,228.516,-26.917,-27.405
0.966,-0.017,-0.422,231.262,-26.611,-26.733
0.968,-0.060,-0.414,232.605,-27.344,-22.888
0.945,-0.147,-0.384,230.347,-26.672,-19.226
0.934,-0.163,-0.376,220.581,-22.644,-11.780
0.950,-0.158,-0.365,213.379,-18.616,-9.766
0.974,-0.149,-0.352,195.496,-11.780,-9.460
0.997,-0.163,-0.324,185.242,-9.460,-10.803
1.001,-0.205,-0.310,161.194,-4.333,-16.235
0.969,-0.290,-0.277,146.301,-4.761,-16.724
0.946,-0.309,-0.260,112.061,-1.953,-13.794
0.958,-0.296,-0.236,94.299,2.441,-12.878
0.968,-0.276,-0.232,60.974,10.620,-12.512
0.986,-0.257,-0.239,45.776,13.733,-12.634
0.994,-0.246,-0.248,31.494,15.503,-12.756
0.990,-0.175,-0.268,6.592,14.526,-12.939
1.000,-0.120,-0.274,-2.686,13.733,-13.062
1.014,-0.062,-0.277,-12.573,11.536,-13.550
1.029,0.009,-0.272,-13.672,10.071,-13.489
1.020,0.010,-0.266,-11.536,7.080,-11.780
0.989,-0.011,-0.257,-9.888,6.348,-9.766
0.990,-0.010,-0.258,-6.836,7.263,-4.700
1.005,0.018,-0.271,-5.310,7.385,-2.808
1.011,0.036,-0.274,-1.099,6.470,-0.916
1.021,0.040,-0.273,1.404,5.737,-0.793
1.016,0.017,-0.269,4.761,4.700,-0.732
0.997,-0.027,-0.264,4.517,4.517,-0.122
0.997,-0.020,-0.267,1.648,4.395,0.977
1.018,0.024,-0.276,0.854,3.784,0.549
1.023,0.025,-0.275,1.160,2.686,-0.305
1.018,0.008,-0.270,2.319,0.732,-1.221
1.002,-0.019,-0.261,1.709,0.488,-0.732
1.004,-0.008,-0.261,-0.732,0.671,0.183
1.012,0.018,-0.264,-1.282,0.305,-0.061
1.005,0.015,-0.262,-1.404,-0.244,-0.854
0.993,-0.007,-0.253,-1.770,0.183,-0.488
0.994,-0.011,-0.251,-3.418,1.404,0.610
0.998,0.017,-0.253,-4.272,1.526,0.916
1.000,0.033,-0.253,-4.211,1.038,0.183
0.997,0.029,-0.249,-3.235,0.854,-0.549
0.993,0.010,-0.246,-1.770,0.977,-0.671
0.990,-0.006,-0.245,-2.014,1.404,0.000
1.000,0.008,-0.249,-2.625,1.831,0.977
1.013,0.018,-0.254,-2.197,1.404,0.610
1.010,0.003,-0.254,-1.648,0.854,0.244
1.005,-0.015,-0.254,-2.380,0.427,1.282
0.999,-0.005,-0.258,-3.662,0.488,2.441
1.005,0.021,-0.261,-5.005,0.488,3.174
1.014,0.047,-0.261,-4.456,0.061,2.197
1.015,0.037,-0.258,-2.625,-0.854,0.305
1.008,0.010,-0.252,-2.380,-1.160,0.122
1.004,0.005,-0.250,-3.296,-1.160,0.854
1.004,0.019,-0.251,-3.723,-1.221,0.916
1.002,0.026,-0.249,-3.723,-1.526,-0.122
1.003,0.022,-0.247,-3.479,-1.465,-0.732
1.004,0.016,-0.246,-3.296,-1.099,-1.404
0.993,0.009,-0.239,-3.479,-0.916,-1.343
0.986,0.010,-0.238,-3.723,-0.610,-1.221
0.987,0.015,-0.242,-4.089,0.366,-1.343
0.989,0.016,-0.242,-3.967,0.671,-1.465
0.993,0.013,-0.242,-3.418,1.221,-1.221
0.997,0.003,-0.244,-3.174,1.343,-0.793
0.993,0.002,-0.245,-2.991,1.587,0.732
0.994,0.013,-0.251,-2.930,1.892,1.282
0.999,0.017,-0.255,-2.319,2.258,1.404
1.009,0.020,-0.259,-1.831,2.136,1.160
1.010,0.015,-0.260,-1.099,1.404,1.221
1.004,0.010,-0.261,-0.977,1.099,1.526
1.006,0.011,-0.262,-1.160,0.793,1.709
1.009,0.007,-0.262,-1.282,0.549,1.465
1.007,0.003,-0.261,-1.648,0.183,1.221
1.004,0.007,-0.261,-2.930,-0.244,1.221
1.007,0.013,-0.260,-3.418,-0.366,1.221
1.008,0.016,-0.258,-3.723,-0.793,0.610
1.001,0.010,-0.255,-3.784,-0.854,0.366
0.997,0.009,-0.255,-4.272,-0.549,0.732
1.000,0.018,-0.256,-4.456,-0.488,0.793
1.006,0.020,-0.257,-4.089,-1.038,0.244
1.004,0.011,-0.253,-3.784,-1.404,0.061
0.996,0.005,-0.249,-3.906,-1.282,0.549
0.984,0.006,-0.245,-4.333,-0.854,0.916
0.987,0.014,-0.246,-5.005,0.244,1.038
1.005,0.023,-0.250,-4.944,0.427,0.732
1.006,0.018,-0.250,-4.211,-0.183,0.488
0.995,0.007,-0.247,-3.967,-0.244,0.854
0.992,0.009,-0.247,-3.967,0.000,1.343
1.000,0.034,-0.254,-3.967,0.854,2.075
1.009,0.043,-0.257,-3.357,0.854,1.709
1.012,0.041,-0.257,-1.160,-0.122,0.061
1.001,0.009,-0.250,-0.427,-0.366,-0.183
0.995,-0.005,-0.247,-1.099,0.244,0.793
0.994,0.006,-0.250,-2.075,0.732,1.282
0.997,0.018,-0.253,-3.296,0.916,0.854
1.010,0.022,-0.254,-3.174,0.549,0.488
1.010,0.015,-0.253,-2.808,-0.244,0.244
0.999,0.003,-0.248,-2.991,-0.427,0.427
0.992,0.005,-0.247,-3.784,-0.061,0.977
0.992,0.025,-0.251,-3.967,0.366,1.099
1.001,0.033,-0.253,-3.784,0.854,0.916
1.010,0.033,-0.256,-2.747,0.732,0.183
1.006,0.017,-0.256,-2.380,0.366,0.000
0.996,0.013,-0.255,-2.502,0.488,0.122
0.993,0.024,-0.255,-2.808,0.854,0.061
0.999,0.031,-0.256,-2.441,1.038,-0.916
1.006,0.018,-0.257,-1.953,0.793,-1.465
1.003,0.003,-0.255,-2.014,0.427,-1.282
0.990,-0.005,-0.251,-2.686,0.549,-0.671

0.999,0.384,-0.255,82.886,-6.897,-30.640
0.999,0.432,-0.265,117.554,-7.141,-44.983
0.989,0.327,-0.313,136.292,-8.240,-51.453
0.970,0.207,-0.334,167.236,-11.353,-54.382
0.927,0.009,-0.365,176.636,-11.047,-51.819
0.937,-0.034,-0.384,185.608,-8.362,-46.753
0.986,-0.014,-0.419,188.782,-8.850,-45.532
0.993,-0.002,-0.429,197.327,-11.963,-44.922
1.000,-0.063,-0.435,201.416,-13.855,-43.945
0.993,-0.097,-0.432,203.979,-16.418,-41.626
0.979,-0.088,-0.421,204.285,-20.874,-35.156
0.990,-0.072,-0.418,203.857,-22.278,-33.020
1.001,-0.058,-0.417,205.505,-26.794,-29.175
0.985,-0.032,-0.421,207.336,-29.114,-26.306
0.984,-0.019,-0.417,211.182,-29.419,-21.912
1.024,-0.068,-0.393,212.708,-29.358,-20.630
1.010,-0.125,-0.373,209.839,-28.076,-17.029
0.963,-0.187,-0.352,203.918,-26.672,-13.733
0.964,-0.167,-0.347,188.232,-21.606,-9.033
0.988,-0.130,-0.310,181.213,-19.409,-8.911
0.966,-0.167,-0.285,166.199,-15.137,-8.484
0.942,-0.332,-0.243,154.663,-10.254,-8.362
0.950,-0.422,-0.227,119.385,-1.221,-6.531
0.918,-0.518,-0.200,96.069,1.282,-4.700
0.903,-0.499,-0.190,45.593,7.629,-3.052
0.933,-0.346,-0.200,22.827,11.475,-3.601
0.961,-0.250,-0.218,4.456,14.526,-4.517
0.990,-0.154,-0.237,-16.907,16.907,-6.226
1.034,0.011,-0.255,-20.874,16.296,-7.507
1.040,0.046,-0.253,-18.677,12.939,-10.864
1.012,0.028,-0.253,-15.015,11.353,-11.230
1.008,0.012,-0.263,-9.033,10.376,-7.019
1.056,0.030,-0.289,-7.141,9.644,-4.944
1.074,0.040,-0.291,-2.502,4.883,-5.798
1.043,-0.014,-0.273,0.000,2.136,-6.470
1.013,-0.059,-0.263,0.610,1.343,-2.930
0.983,-0.071,-0.256,-1.770,2.686,-0.183
0.997,-0.034,-0.256,-6.348,4.028,1.099
1.014,0.018,-0.252,-6.531,3.113,-0.366
1.004,0.011,-0.246,-5.615,1.953,-1.831
0.994,-0.008,-0.239,-3.967,1.526,-1.892
0.992,-0.019,-0.237,-4.089,2.014,-0.977
0.998,-0.009,-0.239,-4.517,2.380,0.000
1.010,-0.001,-0.239,-4.089,1.770,0.000
1.010,-0.011,-0.236,-3.357,0.549,0.061
0.990,-0.018,-0.233,-3.479,0.610,0.488
0.983,-0.006,-0.234,-4.028,2.563,2.197
0.997,0.017,-0.245,-3.845,3.601,2.625
1.008,0.016,-0.249,-2.808,3.967,2.075
1.016,0.000,-0.252,-2.502,3.540,1.648
1.020,-0.004,-0.252,-2.563,3.174,1.587
1.024,-0.004,-0.253,-3.113,2.136,2.441
1.022,0.004,-0.256,-3.296,1.404,2.808
1.019,0.008,-0.255,-3.479,-0.061,2.563
1.015,0.012,-0.249,-3.357,-0.793,1.892
1.015,0.005,-0.245,-2.930,-1.648,0.427
1.007,-0.017,-0.240,-3.113,-1.770,0.305
1.002,-0.015,-0.238,-4.578,-1.404,1.038
1.003,0.017,-0.233,-5.005,-1.160,1.160
1.005,0.025,-0.233,-4.211,-1.099,-0.122
1.005,0.003,-0.229,-3.540,-1.099,-0.732
0.997,-0.011,-0.227,-3.479,-0.793,-0.549
0.990,-0.006,-0.226,-3.967,-0.244,0.000
0.999,0.007,-0.228,-4.333,0.366,0.366
1.007,0.014,-0.228,-3.479,0.488,0.061
1.002,0.004,-0.227,-2.686,0.305,-0.183
0.998,-0.007,-0.227,-2.075,0.793,0.183
0.996,-0.009,-0.231,-2.197,1.099,0.610
1.001,-0.001,-0.233,-2.197,1.404,0.977
1.009,0.006,-0.235,-2.014,1.343,0.916
1.008,0.002,-0.236,-1.770,1.404,0.854
1.000,-0.009,-0.237,-2.014,1.526,0.977
0.999,-0.010,-0.238,-3.113,1.770,0.977
0.999,0.004,-0.243,-3.601,1.953,0.916
1.007,0.015,-0.246,-3.845,2.258,0.854
1.016,0.017,-0.246,-3.113,1.770,0.000
1.010,0.006,-0.243,-2.502,1.221,-0.366
1.000,-0.005,-0.240,-2.197,0.916,0.000
0.995,-0.010,-0.242,-2.441,1.282,0.427
1.002,-0.005,-0.245,-2.625,1.526,0.793
1.011,0.008,-0.246,-2.441,1.282,0.916
1.013,0.011,-0.246,-1.892,0.854,1.038
1.006,0.004,-0.246,-1.587,0.610,1.099
0.999,-0.000,-0.245,-1.587,0.549,1.404
0.999,0.006,-0.246,-1.770,0.793,1.587
1.000,0.011,-0.247,-1.709,0.854,1.526
1.001,0.013,-0.248,-1.282,0.854,0.977
1.008,0.011,-0.249,-1.160,0.854,0.671
1.008,0.006,-0.248,-1.282,0.671,0.000
1.005,-0.008,-0.246,-1.526,0.671,-0.122
1.003,-0.009,-0.247,-2.563,0.793,0.183
1.010,0.004,-0.248,-2.991,0.793,0.183
1.016,0.008,-0.249,-2.869,-0.122,0.000
1.011,0.008,-0.248,-2.502,-0.671,0.122
1.005,0.008,-0.244,-1.892,-1.160,0.000
0.992,0.000,-0.240,-1.648,-1.160,-0.244
0.988,-0.004,-0.238,-1.465,-0.610,-0.122
0.995,-0.006,-0.237,-1.587,-0.183,0.305
1.000,-0.003,-0.237,-1.770,0.183,0.793
0.998,0.006,-0.237,-2.014,0.671,1.404
1.001,0.008,-0.240,-1.953,1.038,1.465
1.004,0.006,-0.242,-1.770,1.343,1.160
1.000,-0.001,-0.241,-1.770,1.282,0.977
1.000,-0.001,-0.242,-2.197,1.465,0.916
1.008,0.008,-0.248,-2.502,1.587,0.916
1.012,0.011,-0.249,-2.563,1.099,0.671
1.009,0.005,-0.247,-2.441,0.610,0.488
1.005,0.001,-0.246,-2.441,0.366,0.305
1.004,0.002,-0.246,-2.686,0.366,0.427
1.001,0.006,-0.246,-2.808,0.305,0.610
0.997,0.007,-0.246,-2.869,0.427,0.427
1.001,0.010,-0.247,-2.808,0.610,0.366
1.006,0.013,-0.247,-2.319,0.732,0.183
1.007,0.009,-0.248,-1.953,0.488,0.061
1.006,0.002,-0.248,-1.587,0.061,0.183
0.996,-0.007,-0.246,-1.831,0.000,0.427
0.994,-0.006,-0.246,-2.686,0.488,1.160
0.999,0.007,-0.248,-3.052,0.793,1.099
1.002,0.012,-0.249,-2.991,0.854,0.427

1.004,0.266,-0.309,99.365,-11.963,-31.494
1.002,0.284,-0.326,131.653,-14.954,-35.645
1.013,0.330,-0.370,149.231,-16.785,-37.292
1.016,0.334,-0.394,186.340,-21.851,-39.795
1.009,0.257,-0.444,204.285,-24.658,-40.588
0.993,0.202,-0.463,233.093,-29.541,-39.307
0.976,0.165,-0.490,243.469,-30.762,-38.208
0.979,0.133,-0.499,260.437,-31.616,-39.673
0.936,0.010,-0.503,266.357,-32.593,-39.978
0.911,-0.017,-0.502,269.287,-32.593,-38.635
0.961,-0.013,-0.503,268.555,-29.297,-37.720
0.978,-0.040,-0.496,267.334,-30.029,-38.696
0.966,-0.099,-0.476,261.902,-31.494,-36.377
0.926,-0.215,-0.419,255.615,-30.029,-32.898
0.906,-0.228,-0.391,235.596,-23.987,-25.513
0.947,-0.242,-0.343,224.304,-19.226,-23.804
0.953,-0.283,-0.327,199.097,-10.193,-21.423
0.915,-0.334,-0.296,183.289,-5.371,-19.165
0.929,-0.310,-0.282,148.682,3.601,-15.808
1.008,-0.284,-0.255,132.751,6.592,-17.029
1.002,-0.319,-0.244,101.379,7.263,-20.691
0.933,-0.381,-0.235,83.862,8.911,-19.653
0.936,-0.367,-0.237,46.997,16.113,-14.832
0.983,-0.265,-0.246,30.457,18.494,-13.855
0.991,-0.209,-0.251,6.836,19.165,-15.564
1.000,-0.124,-0.262,-0.244,18.799,-16.235
1.012,-0.089,-0.270,-4.639,18.188,-15.930
1.036,-0.019,-0.284,-7.324,15.442,-14.038
1.052,0.005,-0.285,-6.104,13.428,-13.428
1.046,-0.010,-0.271,0.305,8.240,-12.878
1.021,-0.044,-0.263,3.540,6.042,-11.292
1.002,-0.062,-0.260,5.981,5.127,-5.005
1.003,-0.024,-0.263,6.226,5.432,-2.808
1.005,-0.005,-0.263,8.423,5.005,-2.014
0.999,-0.029,-0.261,9.827,4.761,-2.014
1.001,-0.055,-0.264,9.399,5.005,-0.671
1.011,-0.072,-0.267,7.385,4.761,0.122
1.008,-0.065,-0.265,2.930,3.418,0.122
0.995,-0.056,-0.256,1.343,2.991,0.000
0.989,-0.049,-0.253,-1.282,3.174,1.221
0.992,-0.011,-0.253,-2.319,3.601,1.526
1.003,0.010,-0.256,-2.319,3.296,0.061
1.017,0.017,-0.259,-1.221,2.625,-0.977
1.011,0.002,-0.258,0.122,2.014,-1.465
1.003,-0.014,-0.254,1.160,2.014,-0.427
0.991,-0.021,-0.253,0.793,2.625,0.549
0.995,-0.015,-0.253,-0.244,3.601,1.343
1.001,-0.016,-0.254,-0.610,3.418,1.099
0.999,-0.019,-0.257,-1.587,2.869,1.343
1.003,-0.002,-0.261,-1.892,2.808,1.770
1.007,0.007,-0.260,-1.099,2.563,2.136
1.017,0.014,-0.259,-0.488,2.258,2.136
1.017,0.015,-0.259,0.610,1.404,1.770
1.014,0.010,-0.260,1.221,0.977,1.526
1.011,-0.001,-0.259,1.709,0.488,1.282
1.003,-0.014,-0.256,1.526,0.000,1.221
1.005,-0.008,-0.255,0.854,0.061,1.221
1.007,-0.001,-0.253,-0.427,0.244,0.488
1.003,-0.005,-0.252,-0.977,0.244,-0.061
1.000,-0.014,-0.251,-2.319,0.305,-0.549
0.994,-0.014,-0.251,-3.113,0.549,-0.427
0.998,-0.002,-0.251,-3.601,1.099,-0.061
1.008,0.016,-0.253,-3.052,1.099,-0.244
1.010,0.013,-0.254,-1.465,0.366,-1.038
1.001,-0.010,-0.249,-0.916,-0.122,-1.221
0.993,-0.021,-0.246,-1.221,-0.183,-0.793
0.984,-0.011,-0.245,-1.831,0.244,-0.427
0.989,0.006,-0.249,-2.136,1.099,-0.488
1.003,0.011,-0.254,-1.465,1.099,-1.099
1.001,-0.005,-0.254,-0.305,0.977,-1.099
0.996,-0.026,-0.255,-0.549,1.343,-0.183
1.000,-0.016,-0.258,-1.648,1.770,1.404
1.008,0.010,-0.261,-1.526,1.465,1.343
1.006,0.008,-0.263,-1.038,1.038,0.793
1.002,-0.001,-0.263,-0.366,0.549,-0.061
1.001,-0.010,-0.261,-0.427,0.488,0.122
1.005,-0.002,-0.261,-0.549,0.244,0.671
1.003,0.006,-0.260,-0.244,0.000,0.427
1.001,-0.005,-0.258,0.305,-0.427,-0.305
0.995,-0.033,-0.255,-0.061,-0.427,-0.122
0.992,-0.030,-0.254,-1.892,0.061,1.160
1.006,0.002,-0.258,-2.502,0.305,1.404
1.009,0.008,-0.259,-2.197,-0.305,0.488
1.002,-0.010,-0.257,-1.892,-0.488,0.305
1.000,-0.019,-0.255,-2.502,-0.244,1.282
0.987,-0.007,-0.255,-3.113,0.061,1.892
0.988,0.008,-0.258,-3.235,0.610,2.014
1.000,0.020,-0.260,-2.625,0.610,1.404
1.002,0.008,-0.258,-1.892,0.549,0.610
1.003,-0.009,-0.256,-1.770,0.244,0.122
0.999,-0.018,-0.258,-2.563,0.122,0.488
1.001,-0.006,-0.261,-3.845,0.061,0.977
1.015,0.013,-0.265,-3.845,-0.183,0.671
1.016,0.009,-0.263,-3.357,-1.221,-0.183
1.005,-0.008,-0.256,-3.418,-1.648,-0.305
0.997,-0.005,-0.255,-4.028,-1.770,0.244
0.994,0.012,-0.255,-3.906,-1.465,0.427
0.999,0.013,-0.255,-2.441,-1.099,-0.061
1.000,-0.008,-0.254,-1.831,-1.160,-0.122
1.003,-0.017,-0.251,-2.136,-1.282,0.488
0.996,-0.020,-0.244,-2.747,-1.465,0.793
0.989,-0.018,-0.244,-3.601,-1.221,1.343
0.985,-0.009,-0.247,-3.845,-0.549,1.831
0.991,-0.002,-0.250,-4.089,0.183,2.136
1.007,0.006,-0.255,-3.906,0.916,2.014
1.011,0.004,-0.256,-3.662,0.610,1.648
1.009,-0.000,-0.256,-3.296,-0.183,1.404
1.001,-0.002,-0.253,-3.357,-0.427,1.648
1.000,0.002,-0.253,-3.113,-0.366,1.953
1.002,0.009,-0.255,-2.869,-0.305,1.831
1.004,0.008,-0.255,-2.563,-0.610,1.160
1.003,0.001,-0.254,-2.502,-0.854,0.793
1.002,0.001,-0.252,-2.625,-1.099,0.732
1.003,0.008,-0.250,-2.625,-0.977,0.854
1.000,0.011,-0.249,-2.136,-0.793,0.854
0.999,0.013,-0.248,-1.709,-0.671,0.671
1.000,0.006,-0.248,-1.282,-0.610,0.488
0.996,-0.013,-0.246,-1.038,-0.427,0.610
0.990,-0.014,-0.247,-1.404,-0.183,1.038

1.029,0.193,-0.340,122.253,-13.306,-27.527
1.006,0.147,-0.348,149.231,-18.616,-28.015
0.974,0.098,-0.358,159.363,-19.043,-26.184
0.996,0.135,-0.371,177.185,-19.592,-26.428
1.010,0.176,-0.403,187.866,-21.912,-28.992
0.991,0.156,-0.415,210.022,-25.696,-32.043
0.967,0.094,-0.432,219.727,-26.245,-31.250
0.960,0.076,-0.439,234.741,-27.039,-29.297
0.962,0.045,-0.448,240.356,-27.283,-29.480
0.961,0.022,-0.446,247.864,-27.405,-29.114
0.953,-0.043,-0.439,249.695,-27.710,-27.222
0.940,-0.072,-0.437,249.939,-27.344,-24.475
0.959,-0.050,-0.435,245.789,-23.865,-17.761
0.992,-0.025,-0.433,243.347,-22.339,-15.808
1.022,-0.109,-0.405,239.197,-20.386,-17.212
1.001,-0.196,-0.382,234.314,-20.203,-16.724
0.955,-0.271,-0.353,211.853,-15.381,-9.644
0.913,-0.326,-0.289,194.763,-9.277,-7.263
0.932,-0.322,-0.268,156.067,1.404,-7.568
0.971,-0.362,-0.252,136.169,4.944,-9.827
0.964,-0.405,-0.249,92.468,10.193,-14.404
0.950,-0.447,-0.243,67.993,13.306,-15.259
0.967,-0.408,-0.247,19.653,17.883,-15.747
1.002,-0.237,-0.264,0.610,18.372,-16.052
1.004,-0.141,-0.275,-20.630,17.395,-17.334
1.016,0.006,-0.283,-23.804,16.785,-17.944
1.025,0.037,-0.286,-20.447,14.404,-18.433
1.033,0.048,-0.290,-16.479,12.512,-17.395
1.036,0.043,-0.291,-8.240,8.240,-13.000
1.030,0.031,-0.288,-4.517,6.287,-11.230
1.027,0.022,-0.282,-1.160,4.822,-10.071
1.028,-0.032,-0.276,3.418,3.479,-8.667
1.019,-0.059,-0.278,3.723,2.808,-7.507
1.006,-0.063,-0.279,1.099,1.709,-3.113
1.001,-0.021,-0.271,-0.122,1.587,-1.648
1.007,-0.020,-0.264,-0.366,1.038,-1.770
0.988,-0.070,-0.249,-0.916,0.610,-1.587
0.969,-0.079,-0.246,-5.127,1.221,0.732
0.980,0.003,-0.250,-7.507,1.953,1.587
1.006,0.049,-0.251,-6.653,1.282,-0.427
1.006,0.038,-0.243,-3.845,0.122,-2.319
0.996,0.002,-0.240,-0.183,0.427,-2.258
1.005,-0.016,-0.246,-0.366,1.404,-0.549
1.015,0.003,-0.250,-1.221,1.831,0.732
1.013,0.011,-0.249,-0.854,1.221,-0.122
1.002,-0.009,-0.248,-0.488,0.732,-0.977
0.991,-0.036,-0.248,-1.831,1.587,-0.549
0.997,-0.029,-0.250,-3.296,2.441,0.366
1.001,-0.014,-0.252,-5.249,2.747,0.854
1.011,0.010,-0.255,-5.371,2.380,0.488
1.018,0.009,-0.257,-4.517,0.610,-0.488
1.012,-0.001,-0.252,-3.967,-0.427,-0.671
1.009,-0.010,-0.248,-3.357,-1.343,-0.183
1.005,-0.025,-0.246,-3.601,-1.465,0.366
1.002,-0.023,-0.245,-4.883,-1.709,1.587
1.003,0.001,-0.244,-5.371,-1.648,1.831
1.006,0.007,-0.242,-5.066,-1.404,1.404
1.001,-0.013,-0.236,-4.761,-1.282,1.282
0.994,-0.021,-0.234,-5.310,-0.671,2.197
0.998,0.005,-0.236,-5.859,-0.122,2.625
1.006,0.021,-0.239,-5.371,0.000,1.892
1.007,0.020,-0.239,-4.272,-0.427,1.282
1.003,0.009,-0.236,-2.380,-0.854,0.854
0.997,-0.011,-0.230,-2.075,-0.732,1.038
0.992,-0.014,-0.231,-2.136,-0.549,1.282
0.997,-0.008,-0.238,-2.991,0.366,1.770
1.005,-0.004,-0.242,-3.479,0.671,2.075
1.009,0.000,-0.245,-3.967,0.488,2.075
1.002,0.003,-0.243,-4.089,0.366,1.892
0.996,0.000,-0.243,-4.456,0.916,1.953
0.993,-0.000,-0.246,-4.761,1.404,2.136
0.996,0.006,-0.250,-5.249,1.953,1.953
1.005,0.016,-0.256,-5.188,1.892,1.526
1.011,0.014,-0.257,-4.639,1.465,0.854
1.017,-0.005,-0.257,-4.578,1.038,0.793
1.016,-0.009,-0.257,-5.493,0.183,0.977
1.014,0.005,-0.257,-6.042,-0.305,0.977
1.011,0.013,-0.256,-6.226,-0.854,0.854
1.009,0.016,-0.253,-5.554,-1.709,0.549
1.008,0.005,-0.248,-5.066,-1.831,0.488
1.005,-0.002,-0.244,-4.944,-1.953,0.549
0.997,-0.008,-0.240,-5.127,-1.953,0.671
0.992,-0.006,-0.242,-5.554,-1.465,1.221
1.001,0.008,-0.243,-5.615,-1.160,1.465
1.006,0.010,-0.242,-5.188,-1.099,0.793
1.000,-0.008,-0.236,-5.066,-1.099,0.427
0.997,-0.017,-0.234,-5.981,-0.244,0.916
1.004,-0.013,-0.242,-6.775,0.183,1.282
1.009,-0.000,-0.245,-7.568,-0.122,1.221
1.015,0.016,-0.245,-7.324,-0.610,0.732
1.012,0.013,-0.244,-6.470,-1.282,-0.183
1.002,-0.006,-0.241,-6.348,-1.282,-0.427
0.999,-0.012,-0.240,-6.653,-1.099,-0.366
1.006,0.004,-0.240,-7.629,-0.854,-0.183
1.013,0.013,-0.242,-7.568,-0.977,-0.305
1.010,0.011,-0.241,-6.165,-1.892,-1.099
1.006,0.001,-0.238,-5.432,-2.075,-1.221
0.999,-0.008,-0.236,-5.005,-1.831,-0.427
0.991,-0.012,-0.233,-5.188,-1.404,0.122
0.996,-0.007,-0.234,-5.371,-0.793,0.549
1.002,-0.001,-0.234,-5.188,-0.793,0.610
0.998,-0.006,-0.233,-4.944,-0.549,0.793
0.995,-0.019,-0.233,-5.127,-0.061,1.160
0.995,-0.019,-0.234,-6.042,0.610,2.014
1.001,0.005,-0.238,-6.409,0.732,2.075
1.009,0.014,-0.240,-5.859,0.305,1.221
1.006,-0.004,-0.237,-5.249,0.000,0.854
1.001,-0.021,-0.234,-5.493,0.488,1.465
0.996,-0.028,-0.236,-6.531,0.977,2.197
1.002,-0.013,-0.241,-8.667,1.404,2.686
1.016,0.013,-0.245,-8.789,1.099,2.075
1.016,0.005,-0.244,-7.874,0.244,0.610
1.007,-0.031,-0.240,-7.996,0.183,0.793
1.000,-0.031,-0.240,-8.850,0.305,1.526
1.005,0.020,-0.245,-10.681,0.610,2.625
1.015,0.040,-0.245,-10.193,0.427,2.197
1.020,0.040,-0.244,-6.836,-0.671,0.183
1.010,-0.000,-0.237,-5.493,-1.099,-0.366
1.003,-0.018,-0.235,-5.249,-0.977,0.488

1.041,0.263,-0.412,179.138,-15.869,-33.020
1.055,0.275,-0.437,208.374,-24.475,-39.490
1.003,0.083,-0.448,222.046,-28.442,-39.856
0.954,-0.035,-0.438,235.291,-29.907,-34.363
0.878,-0.085,-0.440,235.352,-27.893,-30.457
0.909,-0.018,-0.454,235.291,-22.278,-28.687
1.007,-0.008,-0.469,238.647,-21.790,-30.396
0.996,-0.098,-0.460,242.859,-24.597,-26.367
0.922,-0.193,-0.437,239.319,-23.437,-19.836
0.939,-0.135,-0.433,227.600,-17.273,-10.254
1.030,-0.041,-0.419,224.670,-15.686,-10.132
1.034,-0.101,-0.405,223.206,-15.686,-10.681
0.988,-0.243,-0.377,212.341,-15.076,-5.249
0.975,-0.240,-0.354,200.439,-12.756,0.000
0.989,-0.225,-0.326,171.753,-5.676,2.930
1.007,-0.319,-0.281,156.738,-3.235,-0.854
0.968,-0.409,-0.262,117.249,-1.587,-7.263
0.919,-0.507,-0.224,91.675,1.038,-7.751
0.933,-0.483,-0.221,37.781,6.531,-8.118
0.952,-0.288,-0.236,15.198,8.057,-7.874
0.977,-0.164,-0.247,-11.963,12.451,-8.789
1.043,0.012,-0.254,-16.785,12.695,-10.620
1.040,0.031,-0.247,-16.052,8.911,-12.817
0.980,0.023,-0.240,-14.343,7.446,-11.292
0.996,0.036,-0.245,-13.000,7.751,-8.179
1.066,0.066,-0.258,-9.399,8.179,-3.662
1.045,0.052,-0.252,-6.714,5.920,-3.479
1.001,0.035,-0.244,-3.418,3.784,-2.563
1.003,0.044,-0.248,-2.930,5.371,-2.197
1.033,0.046,-0.254,-1.465,6.287,-4.333
1.034,0.002,-0.251,-0.977,5.066,-5.310
1.024,-0.013,-0.251,-3.113,3.296,-4.883
1.022,0.026,-0.250,-4.822,2.258,-4.700
1.015,0.050,-0.246,-4.639,-0.366,-6.897
0.992,0.035,-0.233,-3.113,-1.099,-8.240
0.988,0.006,-0.229,-1.343,-0.366,-8.118
0.980,-0.020,-0.226,-1.953,0.671,-6.531
0.983,-0.007,-0.229,-3.479,2.869,-3.174
0.991,0.026,-0.232,-3.357,3.357,-2.441
0.995,0.028,-0.231,-2.502,3.540,-2.258
0.994,0.017,-0.231,-0.610,3.967,-2.319
0.998,-0.003,-0.241,-0.366,4.272,-1.953
1.003,-0.001,-0.247,-0.671,4.211,-1.160
1.009,-0.001,-0.256,-0.671,3.662,-1.160
1.004,-0.011,-0.255,-0.793,2.502,-1.221
0.994,-0.014,-0.253,-1.343,2.686,-0.793
1.002,-0.001,-0.257,-2.686,3.235,-0.244
1.014,0.015,-0.260,-2.625,2.808,-0.427
1.012,0.012,-0.260,-2.258,1.648,-1.038
1.017,0.006,-0.262,-2.258,1.160,-1.038
1.019,0.007,-0.260,-1.953,0.122,-0.732
1.021,-0.003,-0.254,-1.709,-0.427,-0.488
1.014,-0.014,-0.250,-2.258,-1.282,0.488
0.999,-0.020,-0.241,-3.174,-1.221,1.160
0.995,-0.011,-0.242,-4.211,-1.038,1.709
0.995,0.018,-0.247,-5.859,-0.244,1.648
1.002,0.026,-0.248,-6.042,0.061,0.916
1.008,0.022,-0.246,-5.188,-0.061,-0.854
1.003,-0.007,-0.242,-5.066,-0.183,-0.854
1.002,-0.012,-0.241,-6.409,0.000,0.427
1.006,0.008,-0.241,-7.080,-0.122,0.916
1.008,0.017,-0.242,-6.775,-0.610,0.610
1.008,0.013,-0.243,-6.104,-0.977,0.427
1.002,0.003,-0.241,-5.005,-1.465,0.793
0.992,-0.006,-0.241,-4.883,-1.282,1.404
0.991,-0.003,-0.243,-5.310,-0.549,2.563
1.002,0.012,-0.248,-5.615,-0.305,2.502
1.008,0.019,-0.250,-5.737,-0.366,1.953
1.012,0.012,-0.246,-5.432,-1.160,0.549
1.008,-0.001,-0.242,-5.249,-1.404,0.244
1.000,-0.014,-0.240,-6.104,-1.099,1.099
0.989,-0.010,-0.240,-7.019,-0.610,1.831
0.994,0.006,-0.242,-8.423,0.427,2.319
1.016,0.024,-0.248,-8.301,0.610,1.648
1.020,0.018,-0.251,-7.507,-0.122,0.305
1.015,-0.000,-0.250,-7.446,-0.793,0.366
1.011,0.001,-0.247,-7.874,-1.526,1.160
1.010,0.023,-0.242,-7.935,-1.709,1.282
1.009,0.031,-0.240,-7.080,-2.014,0.244
1.008,0.020,-0.236,-6.348,-2.197,-0.610
1.005,0.005,-0.233,-5.859,-2.380,-1.221
0.990,-0.009,-0.229,-5.859,-2.197,-0.671
0.987,0.004,-0.230,-6.226,-1.587,0.061
0.991,0.024,-0.232,-5.737,-0.793,0.732
1.005,0.038,-0.231,-4.456,-0.671,0.183
1.005,0.021,-0.229,-1.831,-0.366,-0.916
0.995,-0.012,-0.227,-1.648,-0.061,-0.610
0.995,-0.006,-0.231,-2.808,0.793,0.488
1.011,0.023,-0.241,-2.869,0.671,0.488
1.013,0.026,-0.241,-1.404,-0.427,-0.488
1.007,-0.005,-0.235,-0.793,-0.549,-0.732
1.000,-0.020,-0.232,-1.648,0.183,0.305
0.995,-0.009,-0.235,-2.747,0.671,1.038
1.004,0.008,-0.238,-3.967,1.160,0.793
1.012,0.002,-0.239,-3.906,0.916,0.000
1.003,-0.015,-0.238,-4.028,0.549,-0.427
0.994,-0.023,-0.236,-5.493,1.099,0.427
0.997,0.003,-0.239,-6.409,1.770,0.916
1.008,0.016,-0.241,-6.531,2.014,0.427
1.014,0.001,-0.240,-5.981,1.587,-0.244
1.006,-0.018,-0.237,-6.287,0.916,-0.122
0.994,-0.020,-0.241,-7.324,1.038,0.793
1.004,-0.001,-0.246,-8.850,1.099,1.587
1.023,0.016,-0.249,-8.728,0.488,0.854
1.015,0.001,-0.246,-8.301,-0.610,-0.854
1.001,-0.030,-0.242,-8.972,-0.488,-0.549
1.003,-0.022,-0.245,-11.292,0.000,1.343
1.007,0.009,-0.245,-11.780,-0.061,1.709
1.002,0.007,-0.244,-11.536,-0.061,1.465
0.994,-0.002,-0.243,-11.230,0.549,1.587
0.998,0.003,-0.247,-11.414,0.977,2.014
1.005,0.018,-0.250,-11.047,0.671,1.648
1.008,0.032,-0.246,-10.010,0.122,0.793
1.006,0.018,-0.242,-7.507,-0.366,-0.244
1.003,-0.018,-0.240,-7.202,-0.244,0.122
1.003,-0.017,-0.243,-8.118,-0.122,1.526
1.017,0.016,-0.251,-8.301,-0.427,1.770
1.022,0.027,-0.251,-6.775,-1.892,0.916
1.009,0.014,-0.243,-5.615,-2.441,0.305

